model,all_RMSE,id_RMSE,item_RMSE,key_RMSE,no_id_RMSE,none_RMSE,elpd_diff,se_diff,elpd_loo,se_elpd_loo,p_loo,se_p_loo,looic,se_looic,formula
m3,0.9171309719664508,1.0157948762528386,1.1542396961062016,1.1511674762081578,1.1179427589503736,1.1972685340593643,0,0,-43250.082992193195,172.34834765665553,1320.2937758653427,10.193035224726486,86500.16598438639,344.69669531331107,key_family + photo_region + home_region + taxa_repeat + photo_region:home_region + (1 | i | item) + (1 | id)
m1,0.9150550882347229,0.9987437638381244,1.1577062222831969,1.1455653469599243,1.1174257782812047,1.1918792006456458,-18.172550689742977,7.280887067647845,-43268.25554288347,172.29766085016115,1333.2080171489781,10.485758734082172,86536.51108576694,344.5953217003223,key_family + photo_region + home_region + taxa_repeat + difficulty + photo_region:home_region + (1 | i | item) + (1 | id)
m4,0.9207279408774681,1.0188061698132236,1.1546112725417188,1.150737394003686,1.1176620809401552,1.19799479085446,-138.6310507708944,21.21709825183466,-43388.71404296398,170.80668987364893,1293.723279682793,9.693891642240372,86777.42808592795,341.61337974729787,key_family + photo_region + home_region + taxa_repeat + (1 | i | item) + (1 | id)
m2,0.9222357264810909,1.002079467555937,1.1579087357550955,1.1481118836571924,1.1204985243045615,1.1924643429112531,-160.8969903654624,22.563698692639825,-43410.979982558914,170.7646487184855,1311.3713785271998,9.954672435358518,86821.95996511783,341.529297436971,key_family + photo_region + home_region + taxa_repeat + difficulty + (1 | i | item) + (1 | id)
m6,0.9646465710844099,1.0548000335600023,1.1793112145623061,1.170529761223526,1.1399519788069101,1.219031236989465,-1715.3253697190569,64.07783060974613,-44965.40836191236,166.35773090037793,1345.8265429694643,9.314039389253189,89930.81672382473,332.71546180075586,key_family + photo_region + taxa_repeat + (1 | i | item) + (1 | id)
m5,0.9646149993175538,1.0373061853318104,1.1818203937691718,1.169433598282699,1.1411166852049024,1.2143351371255107,-1729.6974576166435,64.73670021315985,-44979.7804498096,166.36635220908101,1346.8793975823498,9.446351269017503,89959.5608996192,332.73270441816203,key_family + photo_region + taxa_repeat + difficulty + (1 | i | item) + (1 | id)
